{"cameraMode":{"drawMode":0,"name":"Shaded","section":"Shading Mode"},"sceneLighting":false,"audioPlay":false,"sceneViewState":{"m_AlwaysRefresh":false,"showFog":true,"showSkybox":false,"showFlares":true,"showImageEffects":true,"showParticleSystems":true,"showVisualEffectGraphs":true,"m_FxEnabled":true},"in2DMode":false,"pivot":{"x":-0.6991539597511292,"y":1.2397654056549073,"z":0.4808720648288727},"rotation":{"x":-0.05970863252878189,"y":-0.9331585168838501,"z":0.30187028646469118,"w":-0.18391624093055726},"size":3.0669474601745607,"orthographic":false}