{"cameraMode":{"drawMode":0,"name":"Shaded","section":"Shading Mode"},"sceneLighting":false,"audioPlay":false,"sceneViewState":{"m_AlwaysRefresh":false,"showFog":true,"showSkybox":false,"showFlares":true,"showImageEffects":true,"showParticleSystems":true,"showVisualEffectGraphs":true,"m_FxEnabled":true},"in2DMode":false,"pivot":{"x":-0.5385523438453674,"y":-3.1165482997894289,"z":-2.709646224975586},"rotation":{"x":0.020898649469017984,"y":-0.9153533577919006,"z":0.39829543232917788,"w":0.04848412796854973},"size":3.0669474601745607,"orthographic":false}