{"cameraMode":{"drawMode":0,"name":"Shaded","section":"Shading Mode"},"sceneLighting":false,"audioPlay":false,"sceneViewState":{"m_AlwaysRefresh":false,"showFog":true,"showSkybox":false,"showFlares":true,"showImageEffects":true,"showParticleSystems":true,"showVisualEffectGraphs":true,"m_FxEnabled":true},"in2DMode":false,"pivot":{"x":15.576315879821778,"y":21.828128814697267,"z":6.329145431518555},"rotation":{"x":-0.0030605888459831478,"y":-0.9954479336738586,"z":0.0838211327791214,"w":-0.036075409501791},"size":0.9937706589698792,"orthographic":false}