{"cameraMode":{"drawMode":0,"name":"Shaded","section":"Shading Mode"},"sceneLighting":true,"audioPlay":false,"sceneViewState":{"m_AlwaysRefresh":false,"showFog":true,"showSkybox":true,"showFlares":true,"showImageEffects":true,"showParticleSystems":true,"showVisualEffectGraphs":true,"m_FxEnabled":true},"in2DMode":false,"pivot":{"x":-25.004310607910158,"y":10.607650756835938,"z":15.441471099853516},"rotation":{"x":-0.01588643714785576,"y":-0.7724390029907227,"z":-0.018761727958917619,"w":0.6340575814247131},"size":17.407779693603517,"orthographic":false}