{"cameraMode":{"drawMode":0,"name":"Shaded","section":"Shading Mode"},"sceneLighting":true,"audioPlay":false,"sceneViewState":{"m_AlwaysRefresh":false,"showFog":true,"showSkybox":true,"showFlares":true,"showImageEffects":true,"showParticleSystems":true,"showVisualEffectGraphs":true,"m_FxEnabled":true},"in2DMode":false,"pivot":{"x":-16.23126220703125,"y":5.700127124786377,"z":3.0861611366271974},"rotation":{"x":-0.0016031417762860656,"y":0.6935247182846069,"z":-0.000938752549700439,"w":-0.7197891473770142},"size":13.022601127624512,"orthographic":false}