{"cameraMode":{"drawMode":0,"name":"Shaded","section":"Shading Mode"},"sceneLighting":true,"audioPlay":false,"sceneViewState":{"m_AlwaysRefresh":false,"showFog":true,"showSkybox":true,"showFlares":true,"showImageEffects":true,"showParticleSystems":true,"showVisualEffectGraphs":true,"m_FxEnabled":true},"in2DMode":false,"pivot":{"x":4.380807876586914,"y":6.205697536468506,"z":50.951820373535159},"rotation":{"x":0.08984491229057312,"y":-0.1255871057510376,"z":0.012492974288761616,"w":0.9871034026145935},"size":0.7383912801742554,"orthographic":false}