{"cameraMode":{"drawMode":0,"name":"Shaded","section":"Shading Mode"},"sceneLighting":true,"audioPlay":false,"sceneViewState":{"m_AlwaysRefresh":false,"showFog":true,"showSkybox":true,"showFlares":true,"showImageEffects":true,"showParticleSystems":true,"showVisualEffectGraphs":true,"m_FxEnabled":true},"in2DMode":false,"pivot":{"x":-33.056766510009769,"y":3.8448729515075685,"z":1.7782127857208253},"rotation":{"x":-0.02999133989214897,"y":0.7199366092681885,"z":-0.032726116478443149,"w":-0.6921682357788086},"size":21.257959365844728,"orthographic":false}