{"cameraMode":{"drawMode":0,"name":"Shaded","section":"Shading Mode"},"sceneLighting":true,"audioPlay":false,"sceneViewState":{"m_AlwaysRefresh":false,"showFog":true,"showSkybox":true,"showFlares":true,"showImageEffects":true,"showParticleSystems":true,"showVisualEffectGraphs":true,"m_FxEnabled":true},"in2DMode":false,"pivot":{"x":2.110867977142334,"y":6.72529935836792,"z":2.9198763370513918},"rotation":{"x":0.006605482194572687,"y":-0.7183165550231934,"z":0.009470857679843903,"w":0.6948960423469544},"size":1.1322673559188843,"orthographic":false}