{"cameraMode":{"drawMode":0,"name":"Shaded","section":"Shading Mode"},"sceneLighting":true,"audioPlay":false,"sceneViewState":{"m_AlwaysRefresh":false,"showFog":true,"showSkybox":true,"showFlares":true,"showImageEffects":true,"showParticleSystems":true,"showVisualEffectGraphs":true,"m_FxEnabled":true},"in2DMode":false,"pivot":{"x":5.295612335205078,"y":3.2734203338623049,"z":3.774484872817993},"rotation":{"x":0.12410926073789597,"y":0.22590743005275727,"z":-0.02898232452571392,"w":0.9656707644462586},"size":11.411661148071289,"orthographic":false}