{"cameraMode":{"drawMode":0,"name":"Shaded","section":"Shading Mode"},"sceneLighting":true,"audioPlay":false,"sceneViewState":{"m_AlwaysRefresh":false,"showFog":true,"showSkybox":true,"showFlares":true,"showImageEffects":true,"showParticleSystems":true,"showVisualEffectGraphs":true,"m_FxEnabled":true},"in2DMode":false,"pivot":{"x":-33.78850555419922,"y":8.12827205657959,"z":59.668155670166019},"rotation":{"x":0.11879663914442063,"y":-0.2273026704788208,"z":0.027767065912485124,"w":0.9653231501579285},"size":0.7383912801742554,"orthographic":false}