{"cameraMode":{"drawMode":0,"name":"Shaded","section":"Shading Mode"},"sceneLighting":true,"audioPlay":false,"sceneViewState":{"m_AlwaysRefresh":false,"showFog":true,"showSkybox":true,"showFlares":true,"showImageEffects":true,"showParticleSystems":true,"showVisualEffectGraphs":true,"m_FxEnabled":true},"in2DMode":false,"pivot":{"x":79.3950424194336,"y":33.29998779296875,"z":-101.65644073486328},"rotation":{"x":0.04989198222756386,"y":-0.13168591260910035,"z":0.006891472730785608,"w":0.9896048307418823},"size":0.3584223985671997,"orthographic":false}