{"cameraMode":{"drawMode":0,"name":"Shaded","section":"Shading Mode"},"sceneLighting":true,"audioPlay":false,"sceneViewState":{"m_AlwaysRefresh":false,"showFog":true,"showSkybox":true,"showFlares":true,"showImageEffects":true,"showParticleSystems":true,"showVisualEffectGraphs":true,"m_FxEnabled":true},"in2DMode":false,"pivot":{"x":-31.036334991455079,"y":22.238859176635743,"z":-48.24109649658203},"rotation":{"x":0.01896006241440773,"y":0.8186935186386108,"z":0.028440134599804879,"w":-0.5724713206291199},"size":16.958812713623048,"orthographic":false}