{"cameraMode":{"drawMode":0,"name":"Shaded","section":"Shading Mode"},"sceneLighting":false,"audioPlay":false,"sceneViewState":{"m_AlwaysRefresh":false,"showFog":true,"showSkybox":false,"showFlares":true,"showImageEffects":true,"showParticleSystems":true,"showVisualEffectGraphs":true,"m_FxEnabled":true},"in2DMode":false,"pivot":{"x":-0.4297406077384949,"y":8.846750259399414,"z":-21.639774322509767},"rotation":{"x":-0.005446865223348141,"y":0.9767478108406067,"z":-0.20917752385139466,"w":-0.034308139234781268},"size":2.8400213718414308,"orthographic":false}