{"cameraMode":{"drawMode":0,"name":"Shaded","section":"Shading Mode"},"sceneLighting":false,"audioPlay":false,"sceneViewState":{"m_AlwaysRefresh":false,"showFog":true,"showSkybox":false,"showFlares":true,"showImageEffects":true,"showParticleSystems":true,"showVisualEffectGraphs":true,"m_FxEnabled":true},"in2DMode":false,"pivot":{"x":-2.3646340370178224,"y":1.276526689529419,"z":6.042730331420898},"rotation":{"x":0.024580093100667,"y":0.9429739713668823,"z":-0.3238693177700043,"w":0.06845538318157196},"size":0.000017320508050033823,"orthographic":false}